<FileZillaServer>
    <Settings>
        <Item name="Admin port" type="numeric">14147</Item>
    </Settings>
    <Groups />
    <Users>
        <User Name="BizTalk">
            <Option Name="Pass">FBB6BDC79E3A2F26E71261695D3CEC276ADDA788DE282D6570AC8A926C81BC343E9CBE3623FDE54BC45C3E395A37EBE06B5FCA3A404F9A8E27E88A672AA933BE</Option>
            <Option Name="Salt">3D&lt;L`Q;W/\36&gt;Jw=&quot;N&apos;#EU_/=!R`{(JSqrckSLciB\R&amp;/\9~;H@NSeC?.zYW,C]\</Option>
            <Option Name="Group"></Option>
            <Option Name="Bypass server userlimit">0</Option>
            <Option Name="User Limit">0</Option>
            <Option Name="IP Limit">0</Option>
            <Option Name="Enabled">1</Option>
            <Option Name="Comments"></Option>
            <Option Name="ForceSsl">0</Option>
            <IpFilter>
                <Disallowed />
                <Allowed />
            </IpFilter>
            <Permissions>
                <Permission Dir="C:\Biztalk_IncomingFiles">
                    <Option Name="FileRead">1</Option>
                    <Option Name="FileWrite">1</Option>
                    <Option Name="FileDelete">1</Option>
                    <Option Name="FileAppend">1</Option>
                    <Option Name="DirCreate">1</Option>
                    <Option Name="DirDelete">1</Option>
                    <Option Name="DirList">1</Option>
                    <Option Name="DirSubdirs">1</Option>
                    <Option Name="IsHome">1</Option>
                    <Option Name="AutoCreate">0</Option>
                </Permission>
            </Permissions>
            <SpeedLimits DlType="0" DlLimit="10" ServerDlLimitBypass="0" UlType="0" UlLimit="10" ServerUlLimitBypass="0">
                <Download />
                <Upload />
            </SpeedLimits>
        </User>
    </Users>
</FileZillaServer>
